MFCC_1,MFCC_2,MFCC_3,MFCC_4,MFCC_5,MFCC_6,MFCC_7,MFCC_8,MFCC_9,MFCC_10,MFCC_11,MFCC_12,MFCC_13,MFCC_14,MFCC_15,MFCC_16,MFCC_17,MFCC_18,MFCC_19,MFCC_20,MFCC_21,MFCC_22,MFCC_23,MFCC_24,MFCC_25,MFCC_26,MFCC_27,MFCC_28,MFCC_29,MFCC_30,MFCC_31,MFCC_32,MFCC_33,MFCC_34,MFCC_35,MFCC_36,MFCC_37,MFCC_38,MFCC_39,MFCC_40,Chroma_1,Chroma_2,Chroma_3,Chroma_4,Chroma_5,Chroma_6,Chroma_7,Chroma_8,Chroma_9,Chroma_10,Chroma_11,Chroma_12,ZeroCrossings_1,SpectralContrast_1,SpectralContrast_2,SpectralContrast_3,SpectralContrast_4,SpectralContrast_5,SpectralContrast_6,SpectralContrast_7
-521.2085,96.21704,26.26426,20.654335,24.18824,11.344486,5.700449,4.566925,1.9164615,1.6741486,3.5660288,4.8799214,6.2254553,6.4696016,1.4714581,-4.811429,-7.4663963,-5.5357356,0.15051652,0.6951134,29.451866,29.451866,29.451866,29.451866,29.451866,-8.364626,-3.3175766,-2.4681492,-1.6401075,-0.26081598,0.010263776,-0.44330156,-0.9931271,-1.4345585,-1.3928959,-1.1318762,-1.1318762,-1.1318762,-1.1318762,-1.1318762,0.48043987,0.74965,0.8925282,0.76709116,0.7654188,0.8216451,0.9774621,1.0,0.841187,0.6596142,0.560819,0.44736564,0.1103515625,10.76055865327853,13.26808809295122,6.854086133940331,14.5647693630102,11.98248481834909,11.535717524105184,18.56666558252672
-549.34515,85.40522,41.420433,20.16666,16.823053,11.54788,5.636817,3.5243294,1.5858881,1.0271477,4.0477037,5.777859,4.283673,3.2917347,1.854481,-2.8970804,-6.4533434,-3.9699333,-0.46537328,-2.6442375,31.298258,31.298258,31.298258,31.298258,31.298258,-8.358113,-4.090122,-2.0162275,-1.2190499,-0.501919,-0.094680786,-0.33524528,-0.846703,-1.1878422,-1.2493088,-1.1794448,-1.1794448,-1.1794448,-1.1794448,-1.1794448,0.53125316,0.756682,0.8508906,0.7107639,0.7185983,0.79870635,0.96046066,1.0,0.8741962,0.70780694,0.61146194,0.5041084,0.15478515625,10.558617066117888,15.827306617689723,7.532396078987961,9.227672361765453,10.274172492099947,15.415811095734387,20.383327121130193
-610.1852,23.535917,20.955898,17.197136,12.937678,8.894035,5.660513,3.5840216,2.7041602,2.770873,3.3321602,3.866621,3.9254346,3.2473884,1.8190465,-0.13248217,-2.2090287,-3.9524727,-4.966975,-5.021298,39.213463,39.213463,39.213463,39.213463,39.213463,-2.8719797,-2.3258464,-1.6223549,-0.9433512,-0.4433104,-0.21395782,-0.26625085,-0.53347135,-0.89369243,-1.2050437,-1.3442783,-1.3442783,-1.3442783,-1.3442783,-1.3442783,1.0,0.5838292,0.29884627,0.35845813,0.3396065,0.29199332,0.30287707,0.36706144,0.25936133,0.3084021,0.43292397,0.7217213,0.1630859375,10.69186096158069,9.810338745801475,13.603116758388584,8.1865581356107,12.975432640867048,12.94041564364817,51.55520512980338
-596.68365,40.89502,33.580345,23.350048,12.543499,3.4306831,-2.3983915,-4.407733,-3.1519935,0.012210548,3.4250982,5.6592846,5.9209595,4.2050667,1.1831863,-2.107457,-4.648889,-5.766985,-5.2993298,-3.5749645,35.772358,35.772358,35.772358,35.772358,35.772358,-5.7364283,-3.831065,-1.7618134,-0.062290516,0.91277856,1.0659615,0.5514703,-0.30474377,-1.1268333,-1.610479,-1.6062341,-1.6062341,-1.6062341,-1.6062341,-1.6062341,1.0,0.7748274,0.31561252,0.4167058,0.7256045,0.47738194,0.1713825,0.12902863,0.13112341,0.097875796,0.10963197,0.29795673,0.13525390625,11.573044379500232,11.381440944365448,18.328415855317523,13.071663465921358,19.27013858383849,14.430257771068327,51.202481446111065
-580.85046,60.76521,47.71417,31.566845,15.681317,2.0274425,-7.2622366,-10.470768,-8.113673,-3.2820277,0.49046302,1.9712213,2.106419,1.3096533,-1.052148,-4.224807,-5.853559,-5.019909,-3.3400035,-2.517978,32.295784,32.295784,32.295784,32.295784,32.295784,-8.844854,-5.8921604,-2.9237573,-0.5295686,0.9787154,1.4312508,0.9494623,0.041088827,-0.6922369,-0.96249455,-0.86261,-0.86261,-0.86261,-0.86261,-0.86261,0.68372226,0.59374,0.31798258,0.5182791,1.0,0.67965275,0.547534,0.7067969,0.48183995,0.28344387,0.22779047,0.29388666,0.0693359375,12.881403846655118,8.679511627674357,17.09559557844376,10.290536392869445,19.353696754904387,13.947982045902645,51.70471376935308
-565.3577,77.20059,54.27116,33.64615,18.69889,4.841284,-8.123555,-14.511406,-11.142742,-3.0911999,1.3855337,1.3778551,2.83322,6.297658,4.969725,-2.2665422,-7.170625,-4.8993483,-0.62605184,-0.77175534,29.80216,29.80216,29.80216,29.80216,29.80216,-10.675774,-6.679842,-3.3316233,-0.7235764,1.383377,2.4536881,1.9590377,0.5075104,-0.6342227,-0.92416406,-0.8918437,-0.8918437,-0.8918437,-0.8918437,-0.8918437,1.0,0.5537888,0.35263535,0.41640148,0.50196046,0.7004453,0.96214646,0.7890121,0.41930455,0.32468867,0.31473485,0.4207773,0.03369140625,14.231711728639084,9.598200319745123,16.211043815810353,13.58046133405896,21.586681199535164,14.67305519882214,52.49185289351283
-551.6326,89.358,56.052277,33.390015,19.42791,6.722616,-3.0748775,-10.063239,-12.359816,-6.471775,-0.0651314,0.18494484,2.4077182,9.188982,8.676992,-0.87224925,-6.3370504,-2.8213637,1.0088214,-1.9276718,28.565098,28.565098,28.565098,28.565098,28.565098,-11.632745,-7.073605,-3.7828853,-1.3013804,0.9850717,2.3492656,2.2278125,1.1229653,-0.0009870927,-0.53789806,-0.86136484,-0.86136484,-0.86136484,-0.86136484,-0.86136484,1.0,0.39518228,0.12023438,0.19244851,0.49267066,0.47546524,0.5558493,0.3760572,0.24163729,0.3093664,0.28167415,0.6634995,0.03271484375,11.861338687581682,7.784938029833964,22.76447802244793,20.25843060182237,20.50905461753471,18.270527791463202,52.792741025999675
-544.6408,95.011246,56.834953,32.79745,15.026221,2.1918104,0.7699611,-3.527249,-13.074054,-9.231563,2.4737763,4.157132,3.234224,6.856801,4.938606,-0.27879894,2.045217,6.5020304,4.628772,-1.197803,28.131931,28.131931,28.131931,28.131931,28.131931,-11.893398,-6.7575226,-3.1484895,-0.7261451,0.94948906,1.5638664,1.6661493,1.5827451,0.9080202,0.10235104,-0.34731713,-0.34731713,-0.34731713,-0.34731713,-0.34731713,0.5767468,0.27071962,0.15546848,0.29046136,0.74692637,0.375598,0.30055302,0.3157668,0.21245745,0.24267232,0.7356282,1.0,0.03369140625,18.763895741315327,9.553614320166961,20.091992588883198,14.252730314976276,18.72958849888841,17.51208186670526,53.73861567431289
-542.93146,96.92725,59.886337,37.67357,17.53223,1.3744853,-0.57002926,-5.319957,-14.013845,-6.507843,5.8169823,4.4365816,2.4957159,5.8908367,2.4528477,-2.1088905,1.5907425,4.894712,3.2318594,-0.08935636,27.528616,27.528616,27.528616,27.528616,27.528616,-12.325504,-6.9768043,-3.2883694,-0.65622723,1.1101091,1.4947906,1.3953407,1.1723533,0.32996148,-0.31292957,-0.3124946,-0.3124946,-0.3124946,-0.3124946,-0.3124946,0.39036453,0.1601649,0.08885144,0.17785807,0.6797039,0.41788495,0.21089393,0.13054606,0.10184885,0.1753499,0.90994614,1.0,0.0322265625,15.536841720547946,12.05408410566022,20.63877285819224,20.793806284075693,18.979805908505764,16.060443271962136,54.43371275728826
-546.62305,93.25099,59.943348,41.458305,22.91672,5.3060827,-0.07941222,-6.998208,-14.782919,-6.3343487,4.559106,2.3549652,1.641938,5.4138236,1.9053711,-1.3723655,1.7816019,2.2275274,0.58757085,-0.15921059,27.840252,27.840252,27.840252,27.840252,27.840252,-12.373822,-7.5436416,-4.1578426,-1.4001931,0.72738975,1.4452376,1.552457,1.3149236,0.31206274,-0.37958857,-0.32860276,-0.32860276,-0.32860276,-0.32860276,-0.32860276,0.53949827,0.19405921,0.10906238,0.16138399,0.93234634,0.8546876,0.3866603,0.36434674,0.45086733,0.58106095,0.78902423,1.0,0.03076171875,14.982147329206187,16.45712325223751,15.780452161232576,12.42064060812335,18.631488100203125,16.032158874066113,54.88894557474339
-549.1495,91.08701,59.519512,40.082005,18.875202,0.16658127,-2.222587,-4.145219,-11.329261,-7.7444186,-0.22697276,-0.9794748,0.8400543,6.150861,3.0991468,-2.4612045,-2.1768115,0.09281851,3.5029206,5.7415724,28.369741,28.369741,28.369741,28.369741,28.369741,-11.957071,-7.453099,-4.1080184,-1.2531122,0.84264696,1.3879791,1.3146478,1.1040336,0.4132511,0.058177613,0.29134575,0.29134575,0.29134575,0.29134575,0.29134575,0.29133928,0.18960401,0.19154374,0.30329093,1.0,0.64523244,0.4411212,0.5119776,0.694837,0.6830901,0.4242226,0.3391961,0.0322265625,18.240017732411516,13.805168962882384,18.47006555633136,13.719475123978825,17.946120143189624,17.16782776481875,55.23540001925705
-540.1133,100.82801,63.11235,38.874405,15.078839,-4.2444735,-4.484437,-3.280174,-9.81456,-7.1504064,0.8099663,0.7485914,1.9855657,6.907091,3.1130824,-5.1559577,-6.5004873,-2.439647,2.4589608,4.0318675,27.175964,27.175964,27.175964,27.175964,27.175964,-12.576114,-7.268441,-3.4408643,-0.51125544,1.3783054,1.5408521,1.0095065,0.5000728,-0.22949842,-0.5333982,-0.22922927,-0.22922927,-0.22922927,-0.22922927,-0.22922927,0.45852882,0.39269075,0.2971622,0.47639164,0.7753129,0.48495603,1.0,0.99715734,0.39510104,0.2926535,0.536778,0.59823674,0.03076171875,21.40218709917749,9.887225583750286,20.385523127682177,14.959830214006026,19.54197083785074,17.10459177699328,56.1782447676548
-540.1816,100.22978,60.842632,35.736614,14.392132,-1.5536748,-0.6607857,0.50030476,-6.147376,-3.9924598,3.8048759,3.4251509,2.6284099,5.3303056,1.5414319,-4.6723146,-3.0994072,2.724729,6.196292,4.5717387,27.944187,27.944187,27.944187,27.944187,27.944187,-11.723076,-6.4393883,-2.8561964,-0.46133086,0.88675755,0.80446756,0.3307502,0.12550963,-0.18543337,-0.23323092,0.09063342,0.09063342,0.09063342,0.09063342,0.09063342,0.63172907,0.59270114,0.3884362,0.29753065,0.54096746,0.66561586,1.0,0.5598286,0.25825742,0.20237274,0.42317462,0.60416293,0.0302734375,26.529536723660318,14.424453747518957,18.3221625767054,12.405729039874053,18.945823532543653,17.756069517856133,55.67333408071399
-540.9602,100.51056,59.73954,30.568693,11.781317,0.23666963,-1.7493978,-3.7636166,-8.06722,-3.3898683,6.407215,8.442991,5.987456,5.426838,2.6901128,-2.6633558,-4.5384336,-1.9769424,0.056698173,-2.0719779,27.757326,27.757326,27.757326,27.757326,27.757326,-11.686955,-5.9817057,-1.9699335,0.30217493,1.3809814,1.4211936,0.8981116,0.097405404,-0.87825465,-1.430064,-1.3648043,-1.3648043,-1.3648043,-1.3648043,-1.3648043,1.0,0.7424521,0.34010705,0.41906217,0.66191465,0.61074203,0.42435044,0.28887358,0.4101162,0.31732446,0.26761484,0.5692037,0.0302734375,28.003913605257516,9.877241824003105,13.612875525013308,14.03069368516677,14.940984136314658,17.820373101226153,54.956748713713225
-512.1154,124.31363,52.998924,10.673528,0.032316744,0.25733855,-0.035342205,-4.6353545,-5.065524,4.571874,11.211019,4.6298866,-3.6955228,-1.4514513,2.3147042,-3.036757,-6.4524784,0.47667226,5.3225803,1.8923628,25.414465,25.414465,25.414465,25.414465,25.414465,-11.397429,-3.342416,0.21600717,0.4984373,0.28318873,0.3624985,0.026364712,-0.8707946,-1.3115727,-0.7185435,0.18655464,0.18655464,0.18655464,0.18655464,0.18655464,0.87152845,0.66399205,0.3556314,0.32344735,0.7686242,0.97391444,1.0,0.8559121,0.68105185,0.7397138,0.43804827,0.41529644,0.03173828125,26.122775131284104,9.952834731461113,11.50935272071762,13.06608367999081,17.777201561320137,17.809470491024854,56.08912551078485
-409.4178,151.74603,1.8070616,18.294968,-7.8584414,-7.781356,10.340607,-25.874048,-7.2598305,14.996674,-3.9178333,4.626897,-5.5167623,-18.781593,4.764881,-3.195178,-20.719587,3.1505995,16.13851,0.38933897,17.779373,17.779373,17.779373,17.779373,17.779373,-10.738952,-0.82816553,-0.2482473,0.98242193,-0.45381948,-0.13181964,0.9605692,-1.9076273,-1.7192011,1.0162874,1.1065917,1.1065917,1.1065917,1.1065917,1.1065917,0.25301483,0.09779108,0.021683235,0.03973696,0.2723881,1.0,0.45130274,0.11961639,0.038172774,0.029242616,0.023476237,0.07114536,0.041015625,28.421335951334534,7.656390659291361,24.026972708665326,13.534506635346842,22.348149213229807,25.19220114191932,60.40534971978226
-365.4723,153.3046,-23.396276,32.70679,-6.662131,-16.519295,8.90877,-35.514793,-9.474594,19.93769,-6.8644533,8.227413,-4.117157,-21.185656,4.7446694,-2.1862628,-21.51319,-3.6132267,16.871956,-0.5511493,14.548611,14.548611,14.548611,14.548611,14.548611,-10.20958,0.053326115,-0.7332312,1.8054343,0.53918886,0.42226017,1.6078752,-2.0120177,-2.5019233,0.7271841,0.6123348,0.6123348,0.6123348,0.6123348,0.6123348,0.3646996,0.0676049,0.012695151,0.034947,0.32872465,1.0,0.32659224,0.069739245,0.018776411,0.020577537,0.021198945,0.14398165,0.0390625,29.65193853710837,21.61679890803837,22.916435558670837,17.852610340843086,24.97262817042775,31.313062515298125,63.294265311435865
-373.11823,151.31981,-19.102226,38.84957,3.1502442,-16.615372,3.9981685,-37.694702,-15.826035,16.637363,-7.1494246,9.104258,-1.2243911,-25.095877,5.4643593,6.73919,-21.195175,-10.2337,12.223017,-2.7094505,14.214352,14.214352,14.214352,14.214352,14.214352,-11.352364,-1.2976217,-1.7199832,1.528287,0.8780805,1.088857,2.7344217,-1.0023942,-2.4610481,0.18948986,-0.06412982,-0.06412982,-0.06412982,-0.06412982,-0.06412982,0.4161105,0.050678547,0.011212425,0.047677483,0.5113204,1.0,0.37423566,0.054493655,0.016336793,0.01869047,0.039928786,0.28776294,0.0361328125,30.92607096095747,23.01772269183423,20.99565077764916,18.470315171240113,25.503723843964362,31.4971366750574,59.239918201052774
-402.41806,159.7953,1.8364968,29.156528,15.534541,-12.315954,-6.384778,-27.537306,-16.136019,0.12921119,-8.903301,10.706434,1.7555604,-27.848389,0.93865466,15.233475,-17.04719,-13.564726,5.759495,-10.21848,15.420255,15.420255,15.420255,15.420255,15.420255,-13.798148,-3.476727,-2.1995802,0.60967857,0.7668579,1.2453477,2.95018,0.37995327,-1.1828372,-0.14476556,-1.0184395,-1.0184395,-1.0184395,-1.0184395,-1.0184395,0.08190193,0.024245884,0.008389763,0.029623754,0.34277824,1.0,0.9152344,0.23580073,0.024566999,0.006117431,0.012893669,0.060061138,0.033203125,32.41281451762872,23.039546673321176,18.648042750768962,17.471704956525343,21.56245515909065,26.287180257456225,57.45243444571502
-385.6016,158.37369,-3.118922,45.393692,6.6777368,-31.175049,4.9440002,-16.632193,-29.248737,-8.288412,-6.8817053,4.609174,-2.8119955,-25.03211,-1.2968495,8.869638,-16.169125,-6.685791,5.2991924,-16.19441,13.999182,13.999182,13.999182,13.999182,13.999182,-14.513722,-3.8901255,-3.203931,0.90143514,1.1025589,0.26013196,2.6074216,1.4220172,-0.19026163,0.36710313,-0.6176735,-0.6176735,-0.6176735,-0.6176735,-0.6176735,0.0103477845,0.020552536,0.03249731,0.020315763,0.12779872,0.58305514,1.0,0.9403461,0.33920965,0.038338263,0.006015957,0.0057008904,0.02587890625,29.19769649395127,20.26546129181581,18.138679758220647,20.473582154000958,18.915881223934203,24.158080085091,58.0002170241238
-357.02972,148.33109,-13.660246,70.2095,-9.9239025,-49.148567,16.629055,-17.85487,-37.883526,-9.54361,-11.166663,6.3116207,-9.346638,-23.86583,8.415311,2.0116832,-11.80571,0.39579153,6.280122,-16.5974,11.987457,11.987457,11.987457,11.987457,11.987457,-14.229074,-4.2318425,-3.9103746,2.0234907,1.6375619,0.36735252,3.192305,2.4660606,0.7833756,1.2166504,-0.27422643,-0.27422643,-0.27422643,-0.27422643,-0.27422643,0.0021063283,0.0052106557,0.024247035,0.026088716,0.012225161,0.06445976,0.099301584,0.63720727,1.0,0.22985679,0.017026618,0.0036542334,0.0302734375,37.82744889660348,22.53926479771089,27.77999832472965,19.396620729979258,20.4057655354427,29.164158583083495,58.59683492048899
-344.45425,137.95102,-17.9392,79.34329,-10.964809,-46.24008,12.527696,-17.168032,-39.495827,-14.049637,-17.276348,9.091946,-6.4219375,-27.520615,9.023907,-2.8552957,-7.019581,2.9656968,4.31581,-14.442178,11.497116,11.497116,11.497116,11.497116,11.497116,-14.036711,-5.091956,-4.793044,2.1279647,1.5461401,0.7369409,3.1120434,2.991266,1.5063833,1.5243319,-0.28323525,-0.28323525,-0.28323525,-0.28323525,-0.28323525,0.00055675535,0.0009875038,0.0028271507,0.008144526,0.0056053116,0.009780033,0.020374019,0.15900749,1.0,0.851566,0.08062426,0.0018316816,0.03662109375,25.434311373125002,23.38288315865298,40.10309412735318,19.361562935436936,21.014943872272994,30.87058945780933,58.859616108715784
-329.86462,138.34781,-18.909912,81.78028,-5.3200536,-40.618942,-7.4082966,-22.18288,-31.005531,-13.205492,-20.84575,8.363235,-4.766196,-28.478926,9.524719,-5.091942,-1.116951,9.50285,2.59584,-16.005316,10.240806,10.240806,10.240806,10.240806,10.240806,-14.208577,-5.4272594,-5.15026,2.1877408,2.128973,2.0481887,2.9247866,2.7965624,2.2900054,2.131178,-0.1677703,-0.1677703,-0.1677703,-0.1677703,-0.1677703,0.00061088573,0.0005215976,0.0006279912,0.0020584355,0.0036604158,0.0033998382,0.0041905167,0.025981007,0.5390098,1.0,0.13910644,0.0024792345,0.03857421875,28.509252711864786,20.715817807307914,31.752107664184862,23.6622313858377,20.1632966067347,30.794388110020698,59.77083445683437
-301.65643,158.91318,-26.441055,68.46591,-1.3660369,-38.58848,-17.37441,-18.656609,-27.645355,-12.730934,-22.945736,0.57283854,-2.9294167,-26.51088,10.47082,-3.3598762,-1.0293825,11.718126,1.7154251,-13.899645,7.9068975,7.9068975,7.9068975,7.9068975,7.9068975,-14.674046,-4.3706,-4.914454,1.7668911,2.2467318,2.5092294,2.7998648,2.905441,2.8180017,2.6505263,0.35004002,0.35004002,0.35004002,0.35004002,0.35004002,0.002769209,0.0016701199,0.0019628042,0.0031947119,0.0046871416,0.0036896006,0.008023536,0.06991307,0.705059,1.0,0.19709736,0.008561412,0.03955078125,26.85478431051054,14.825191723921119,25.843896920167985,15.46310874521068,20.34510962642428,23.704712220793873,58.50563954103159
-300.37634,153.49356,-29.840591,69.47345,4.586786,-36.978813,-16.30111,-10.42248,-27.491165,-9.978596,-26.801636,-0.4843133,2.8472881,-25.714733,10.637497,-3.911975,-1.9105871,8.401702,-4.016241,-13.610705,8.673655,8.673655,8.673655,8.673655,8.673655,-13.792002,-4.3966646,-5.519766,1.366139,2.051123,2.2008142,2.3100777,2.836167,2.485487,2.1681106,-0.2901895,-0.2901895,-0.2901895,-0.2901895,-0.2901895,0.006386487,0.0054987506,0.009953045,0.013101317,0.007379215,0.008148106,0.06003383,0.42903355,1.0,0.44281882,0.13486092,0.01830894,0.0390625,27.374128927756267,26.200958266083727,27.18553474175714,16.5431673808492,14.763557464545517,25.556698557495,60.90978078335063
-321.88223,143.01697,-19.471794,73.89753,12.799513,-31.348736,-17.813465,-6.312237,-28.34792,-11.812216,-27.17471,1.215561,3.1105237,-22.507729,10.720584,-8.841376,1.9286778,5.384481,-4.4451423,-12.246559,10.403667,10.403667,10.403667,10.403667,10.403667,-13.949627,-5.753321,-6.3685327,0.5785744,1.90608,2.3582397,1.9330527,3.03477,2.393219,1.9121281,-0.49204943,-0.49204943,-0.49204943,-0.49204943,-0.49204943,0.0076423897,0.0115530435,0.017875103,0.019033384,0.017427627,0.09698809,0.4276134,1.0,0.93999696,0.34383678,0.085932955,0.016940339,0.03466796875,33.132991784376955,17.366189540446506,26.73140163871036,15.85342225841482,17.692444053279374,23.51243210802205,63.75448982486168
-350.96594,128.07973,-6.864847,76.60777,13.915155,-24.754564,-18.106482,2.353106,-21.17603,-12.603264,-22.35118,-1.3129318,2.2927737,-14.815966,10.973393,-11.660923,3.1472678,1.3933537,-5.317318,-10.214845,13.63557,13.63557,13.63557,13.63557,13.63557,-13.103274,-6.2108855,-6.654146,0.006493429,1.540749,2.0506704,1.0101783,2.5544386,2.007774,1.3519722,-0.56409025,-0.56409025,-0.56409025,-0.56409025,-0.56409025,0.015909066,0.025140103,0.011495846,0.012374345,0.07381769,0.6030176,1.0,0.48818576,0.4849809,0.5197978,0.08141083,0.010658648,0.03466796875,36.35685965751479,18.301751227283596,22.425603931042584,15.184027164391734,17.1248565281725,20.34232339143375,66.7597924424791
-364.09818,119.27152,0.48402274,84.90529,9.2950325,-26.532742,-14.042332,1.794595,-21.381508,-12.776392,-22.323635,-6.207225,-0.51167905,-12.223277,12.606097,-7.18148,4.842414,-0.55707324,-5.113036,-10.8206,14.63242,14.63242,14.63242,14.63242,14.63242,-13.055783,-6.955024,-7.318876,-0.15639816,1.3480675,1.8808154,1.482945,3.092064,2.3590782,1.6923805,-0.27814743,-0.27814743,-0.27814743,-0.27814743,-0.27814743,0.003661775,0.00689894,0.00615999,0.0072224084,0.058587853,0.2683793,0.64258456,1.0,0.68519557,0.23195201,0.027156472,0.004433552,0.03515625,34.208622134860015,25.06443190515033,23.743364695348518,17.268468663315982,16.63511167298094,21.340031101130293,63.90373179366016
-361.32098,108.44865,-5.673529,96.98378,1.8387024,-31.914875,-0.39857316,-7.615008,-28.553223,-9.458702,-27.23985,3.0989442,-5.9741225,-23.261784,16.593397,-6.1974354,7.44048,0.17510219,-2.8805513,-8.388222,14.408855,14.408855,14.408855,14.408855,14.408855,-12.528389,-7.367945,-7.433622,0.30439854,0.6771166,1.31239,2.246162,3.5844064,2.442516,2.2093203,0.017548408,0.017548408,0.017548408,0.017548408,0.017548408,0.001497595,0.0019590047,0.0030780074,0.0037983672,0.008229968,0.03926107,0.06759216,0.37114823,1.0,0.3398145,0.017052129,0.0020725953,0.03515625,31.632311954776135,19.872749332392836,33.76448263924881,21.99961737120099,18.000934204967113,28.375588450056366,65.08612124154
-345.90912,115.27109,-11.912571,92.78861,-3.1353087,-34.745567,3.753778,-9.861755,-31.41725,-6.047269,-30.547327,7.713237,-1.8813428,-27.727543,17.679253,-3.9701078,6.186631,-1.0835419,-2.8258896,-8.748185,13.106125,13.106125,13.106125,13.106125,13.106125,-12.369986,-6.7121124,-6.6718664,1.1267426,0.78644407,1.2489476,2.6026921,3.6276565,2.1041782,2.0731466,-0.4480658,-0.4480658,-0.4480658,-0.4480658,-0.4480658,0.0017985386,0.0017871511,0.0029212574,0.0040883897,0.005831318,0.012000493,0.04120423,0.309456,1.0,0.39356154,0.017002879,0.0016557312,0.05224609375,25.446459873667948,29.22204290437761,30.787226882617514,18.82879770914334,21.25468464810218,29.830867660744225,64.26503290784038
-325.7158,104.47858,1.2792954,98.577576,-20.20021,-16.040787,-14.144761,-2.4521222,-31.332344,-18.934757,-13.7913,-8.453457,3.2754176,-21.982704,7.2927437,8.675064,1.34191,-4.641635,0.34805107,-9.82037,11.854587,11.854587,11.854587,11.854587,11.854587,-13.12487,-7.024916,-7.197882,1.6814798,0.56718737,1.7809182,2.8559139,4.0360885,2.3474414,1.579727,0.24135923,0.24135923,0.24135923,0.24135923,0.24135923,0.0050672167,0.004856828,0.005034057,0.009933191,0.02690275,0.046907045,0.14906779,0.64413893,1.0,0.3652079,0.02074513,0.00560694,0.09912109375,31.92269542103621,22.393319581302187,23.956362020177252,14.685271433225036,20.681307919488532,21.098380173288206,66.56065415383048
-327.5508,66.52821,10.757107,120.88661,-27.358803,5.3704176,-13.51305,5.540346,-36.069237,-16.651772,-1.7976878,-17.73705,9.281992,-14.231661,4.92306,10.948578,0.069565356,-12.177787,3.1956406,-8.547189,13.648437,13.648437,13.648437,13.648437,13.648437,-11.500763,-8.001421,-9.073531,1.3079897,-0.3717738,1.7340933,2.6754954,4.071719,1.275167,0.7234414,0.2959107,0.2959107,0.2959107,0.2959107,0.2959107,0.030361839,0.023234155,0.031912815,0.0731285,0.15829727,0.25736707,0.40103996,0.86932474,1.0,0.54635197,0.09810954,0.035967037,0.1572265625,23.26114370245073,18.756442147728656,23.175731674941336,14.013678117888372,23.241115090212233,19.826688481743183,69.45074804359062
-335.8837,35.593582,4.479401,128.66603,-31.156216,16.785217,-5.110779,11.668907,-36.642822,-10.673527,7.153068,-13.603996,13.475599,-7.9413977,4.234281,6.8032684,1.9621819,-13.910063,3.0815787,-6.1102657,16.568806,16.568806,16.568806,16.568806,16.568806,-8.606399,-7.056892,-9.01003,1.4924146,-0.8316207,1.2642616,1.9159257,3.4445906,0.05090681,-0.42477208,-0.2569428,-0.2569428,-0.2569428,-0.2569428,-0.2569428,0.05727582,0.040595494,0.05073713,0.11409603,0.15634826,0.20286185,0.33262873,0.7554186,1.0,0.6886825,0.167093,0.04238504,0.2158203125,35.237787442441984,19.62003670495876,23.858620352967534,16.455302884458753,25.66681085875484,16.73997024983173,72.64357345125933
-322.94724,50.025486,5.694522,119.899796,-40.377968,7.738313,-9.378843,9.666222,-37.560368,-7.379011,8.945228,-12.469225,11.597166,-10.981417,1.0047401,1.211692,1.074988,-12.098454,8.208914,-7.5795507,14.636024,14.636024,14.636024,14.636024,14.636024,-9.1475115,-6.021175,-7.3320446,2.7813473,-0.16193649,1.2136046,1.2887388,2.7653394,-0.4286514,-0.17806986,0.12050187,0.12050187,0.12050187,0.12050187,0.12050187,0.061884485,0.07493158,0.1003003,0.1382998,0.1203906,0.16352314,0.28441593,0.7158836,1.0,0.5959485,0.16560405,0.05794581,0.20361328125,23.56158281032064,9.411413323107396,16.09356315128675,13.97777819022011,23.568574233437587,18.11429470722182,73.79784396522231
-283.95435,107.96039,-7.809618,81.652145,-43.302467,-5.5099826,-22.708933,-5.6707487,-36.003983,-8.138169,1.2383142,-11.089592,12.539126,-10.3862705,5.181389,-6.9673395,-9.561908,-8.54445,6.764168,-15.948075,8.899121,8.899121,8.899121,8.899121,8.899121,-11.717159,-3.645717,-4.2649336,4.2009106,1.877394,3.192492,2.0862393,1.9645044,-0.552317,-0.1840716,-0.7969744,-0.7969744,-0.7969744,-0.7969744,-0.7969744,0.077013716,0.21171865,0.912028,0.53377813,0.13291931,0.25489095,0.53478336,1.0,0.8598861,0.4492337,0.27491975,0.1582728,0.15771484375,45.63961460660904,10.451164571716497,17.85158171143437,20.747955183648852,18.218714407411902,20.529829907306357,69.70056114856497
-278.75702,136.35805,-29.948332,66.47395,-33.579784,-25.729797,-14.334724,-16.124876,-32.128174,-3.0891411,-7.8655953,-1.6851101,10.703615,-15.564487,6.7058835,-11.256315,-13.803194,-3.6787848,2.7794566,-16.297981,7.8015013,7.8015013,7.8015013,7.8015013,7.8015013,-11.838015,-1.7975032,-2.800097,4.587361,2.8153062,2.8818533,2.1599154,1.0676997,-0.72185856,-0.13510437,-1.3160272,-1.3160272,-1.3160272,-1.3160272,-1.3160272,0.028674575,0.3328163,1.0,0.3136662,0.026603019,0.089888394,0.3971133,0.6331419,0.301122,0.11204292,0.053779345,0.03477344,0.10302734375,30.426899596863223,15.677939353960959,23.105147309185046,19.145212004797372,15.86805620095056,22.44246534231414,65.74169682955373
-289.12537,137.34,-41.862488,62.13057,-31.777683,-40.27719,-8.334879,-12.993941,-21.198618,5.2514067,-8.60305,7.328887,11.466099,-20.169775,2.6348433,-15.261963,-12.407812,-3.051131,3.2988572,-10.039682,9.7558775,9.7558775,9.7558775,9.7558775,9.7558775,-9.886149,0.18069404,-1.1914896,5.558373,3.217897,1.4959717,0.52758473,-0.5233293,-1.6439565,-0.43954057,-1.2463561,-1.2463561,-1.2463561,-1.2463561,-1.2463561,0.17602125,1.0,0.9486073,0.16103113,0.026699357,0.2456004,0.65940213,0.395256,0.10233628,0.053741734,0.032793,0.01978453,0.0537109375,27.197347286863177,17.1352285788506,17.94454841324675,14.352161708271618,19.626155316548775,27.046915633168076,67.4498771375226
-298.30835,147.2861,-38.328438,60.222256,-25.603241,-45.678314,-4.724541,-12.408857,-17.090202,4.4360704,-12.418907,14.429908,12.527482,-19.649618,1.6910527,-19.692778,-16.39538,-5.7078032,0.8892404,-10.591795,10.118249,10.118249,10.118249,10.118249,10.118249,-10.534482,-0.22374831,-0.9292214,5.571729,3.570328,1.2194883,0.066384934,-1.257781,-2.193112,-1.0844904,-2.086739,-2.086739,-2.086739,-2.086739,-2.086739,0.6780179,0.8585321,0.22690803,0.1186124,0.41138548,1.0,0.68900275,0.13769302,0.03675435,0.044238973,0.04435802,0.17432547,0.052734375,33.33359283738304,20.750772656704946,18.694252156332794,10.71594577350412,15.907455278741198,28.197460995734687,65.18664319182308
-311.97614,158.703,-28.426811,56.744896,-17.451157,-45.83103,-2.1337063,-11.075827,-13.273724,0.14851004,-19.027264,17.281734,10.265932,-20.512955,-0.7818914,-18.383385,-13.506441,-6.218627,-0.98904765,-12.336121,10.591391,10.591391,10.591391,10.591391,10.591391,-11.818045,-1.4846816,-1.3626983,4.627398,3.1572134,0.6884735,-0.06307449,-0.9638417,-1.5214024,-0.72938997,-2.2728708,-2.2728708,-2.2728708,-2.2728708,-2.2728708,0.4256466,0.17504,0.1831785,0.6099848,1.0,0.944581,0.47493222,0.11050158,0.020727178,0.0353721,0.11704188,0.3232234,0.05126953125,30.61102435474585,18.230262831069446,13.683042250913301,15.633037103971715,17.12468240878017,28.65199436700045,65.33203101953666
-336.65118,161.78757,-23.458942,48.18563,-3.9135303,-37.231575,-0.890077,-10.437385,-3.8719301,1.2097819,-24.557787,12.801612,5.263671,-20.357212,-3.1247451,-16.439154,-8.575738,-4.342444,-5.444827,-15.855087,12.902712,12.902712,12.902712,12.902712,12.902712,-11.629544,-1.9740922,-2.1594665,2.5186687,1.8625139,-0.14725205,-0.5846342,-1.0342463,-0.6855451,0.020981876,-2.0028958,-2.0028958,-2.0028958,-2.0028958,-2.0028958,0.052133776,0.13239743,0.6787795,1.0,0.4546477,0.17876606,0.19911839,0.08923778,0.013667618,0.05397157,0.11573719,0.0744165,0.04345703125,37.710278931107744,21.917502499909254,13.418646153164477,17.29775873955473,18.89928864317757,27.837637855455327,64.94261951921031
-371.1578,160.5679,-11.134384,38.146988,7.4636364,-23.684895,-3.4734623,-16.178007,-1.7500675,4.877095,-23.733488,1.678586,0.3116212,-22.115463,-8.908233,-12.208677,-8.597163,-3.0528467,-5.643248,-14.065905,15.01472,15.01472,15.01472,15.01472,15.01472,-11.90329,-2.6854436,-3.0102935,0.46695718,0.52271235,-0.64377636,-0.5922864,-1.213154,-0.38841957,0.83759797,-0.70677114,-0.70677114,-0.70677114,-0.70677114,-0.70677114,0.048771363,0.40204465,1.0,0.39285353,0.10276128,0.054495335,0.07315263,0.037804127,0.0139085045,0.0314942,0.019145465,0.012614263,0.0322265625,26.260132517663422,23.95151171073004,11.947018726230024,17.07430550404991,16.56830209145138,26.374930617174982,63.58591005667304
-408.139,161.08365,10.027317,29.582329,17.742817,-9.410173,-4.5752506,-14.292848,-2.6379027,3.6361732,-15.469451,-0.24899434,1.6757779,-20.586723,-14.643393,-7.1831694,-8.545235,-4.704932,-2.495668,-8.273285,17.127954,17.127954,17.127954,17.127954,17.127954,-12.964233,-3.7578275,-3.182201,-0.6774,-0.17828259,-0.90686667,-0.647972,-1.2462162,-0.7129882,0.5248141,-0.112495996,-0.112495996,-0.112495996,-0.112495996,-0.112495996,0.23450749,0.873757,1.0,0.4221071,0.18065275,0.1358728,0.08067091,0.015323246,0.019505018,0.016435737,0.0070953774,0.029533654,0.03173828125,30.621102497294718,17.290536217076934,11.619032217613487,15.144304389706068,18.195671313261304,23.92712981106107,62.27431329134959
-447.99374,148.30283,27.636751,29.012959,23.888939,-0.785519,-5.7893476,-8.873217,-3.9274526,-6.4579954,-7.627735,9.489874,3.3705776,-15.692318,-11.180518,-6.7408977,-9.967201,-4.91265,-1.4194846,-6.948669,20.134773,20.134773,20.134773,20.134773,20.134773,-13.653109,-5.1865215,-3.0354238,-0.875147,0.0146413045,-0.19130094,-0.34500423,-0.95492435,-0.7974943,-0.6016451,-0.95586175,-0.95586175,-0.95586175,-0.95586175,-0.95586175,1.0,0.83005047,0.41489264,0.18776573,0.31756872,0.38398966,0.22081913,0.03516266,0.022959493,0.024370527,0.024708057,0.22960697,0.03076171875,24.438673142922077,17.67044703607014,16.169938562085047,17.880810445339357,16.483774897055703,22.45843631415282,59.76150202717582
-479.82074,133.26572,37.636627,32.577938,31.820103,2.7188704,-8.906091,-8.531819,-10.783686,-11.568724,-6.467702,5.2884893,6.8402405,-5.7815714,-11.287942,-8.400885,-7.7121835,-4.6238937,-2.5865104,-6.6509867,22.130184,22.130184,22.130184,22.130184,22.130184,-14.12574,-6.7552595,-4.2412333,-1.5061786,0.75323045,0.8471401,0.39822027,0.017983086,-0.35768425,-0.7656091,-1.1691173,-1.1691173,-1.1691173,-1.1691173,-1.1691173,0.93222255,1.0,0.45008764,0.2785267,0.2544727,0.3997974,0.34853297,0.08693284,0.05646977,0.071327806,0.08999473,0.4718942,0.03076171875,25.006697461544785,19.11013504090372,21.14212209675102,12.857891706083814,15.082546756474999,18.289017924758262,57.40426947355424
-499.83652,128.32434,51.19017,30.277721,23.744684,0.64840466,-10.015693,-6.899037,-7.0198827,-6.9554467,-3.2250018,3.1643014,7.561404,1.009098,-8.330275,-8.144244,-6.1195135,-6.816574,-5.4614315,-4.4645786,23.559256,23.559256,23.559256,23.559256,23.559256,-13.731053,-6.6406126,-3.3595772,-0.7276743,1.3015937,1.1624733,0.29672486,-0.20551108,-0.7772803,-1.2567254,-1.3837435,-1.3837435,-1.3837435,-1.3837435,-1.3837435,0.42239818,0.5415558,0.36595955,0.73925334,1.0,0.99444294,0.7382462,0.21741548,0.11781177,0.1257215,0.27041647,0.58374584,0.0302734375,23.636371293969887,11.284689158984989,15.76125798423218,13.083733304776084,15.676682932112508,18.319989952840306,56.337289486577355
-515.08234,118.59563,52.662193,26.913254,21.01645,3.197926,-10.400694,-8.174397,-4.719847,-4.1716075,2.0012264,10.664253,10.176846,0.1603034,-7.7644124,-8.01717,-5.87456,-4.79134,-4.3138914,-4.2930484,25.188313,25.188313,25.188313,25.188313,25.188313,-12.746792,-5.9790564,-2.1849983,0.13078651,1.5663418,1.3363079,0.13891092,-0.7698461,-1.3568399,-1.8651255,-1.8552475,-1.8552475,-1.8552475,-1.8552475,-1.8552475,0.6810248,0.5901453,0.5094352,0.5720279,0.64052564,0.93335944,1.0,0.43735188,0.15451878,0.19264263,0.52543,0.78766197,0.029296875,19.512670617857147,10.539221469623714,11.963157428896174,13.438895150151216,18.28384352842689,16.027059561589596,56.14429637780364
-523.58673,114.04413,55.22004,24.057203,14.725956,2.2756553,-7.6294436,-6.126954,-2.7587097,-0.73399115,6.0057383,11.1696415,5.269376,-4.904373,-8.884817,-7.986598,-5.6956177,-1.363912,1.7183372,-0.45991462,26.255306,26.255306,26.255306,26.255306,26.255306,-11.929541,-5.2433786,-1.3143243,0.3586494,0.88889974,0.4434342,-0.58156705,-1.3226763,-1.501507,-1.3293746,-0.78168696,-0.78168696,-0.78168696,-0.78168696,-0.78168696,0.7565057,0.49810228,0.35827425,0.47845992,0.5367484,0.9118529,1.0,0.4162523,0.12580906,0.25262046,0.2619357,0.5913474,0.02734375,20.71026490660012,9.521135320689135,12.186805665226036,13.956797966607127,13.704677266302557,17.712190169505636,55.48033530901779
-525.2051,116.43477,63.553017,29.711666,14.312137,1.8989677,-4.7084217,-3.3816078,-1.1805825,1.6834929,7.3084106,10.067926,7.380185,3.3656282,-1.613897,-7.5727873,-7.823077,-0.5084644,4.338704,0.80357677,26.205221,26.205221,26.205221,26.205221,26.205221,-12.306884,-5.7554827,-1.6081542,0.43129724,1.2920088,0.96876293,-0.24381027,-1.3147622,-1.64063,-1.4158823,-1.0023202,-1.0023202,-1.0023202,-1.0023202,-1.0023202,0.65400285,0.8826272,0.68057305,0.388352,0.47440672,0.93367094,1.0,0.37762842,0.24350573,0.4785262,0.36304787,0.5482494,0.02685546875,20.627635728174806,12.818430097072147,14.505032698928801,16.158429502453373,16.272280850094624,17.087106348405552,55.19356659624614
-534.91766,108.8488,63.398453,28.381802,12.536037,4.820849,-1.7737031,-5.797297,-4.0849943,3.7452526,12.341525,15.00466,12.302149,8.512015,2.8578947,-4.93451,-7.6822486,-1.8660319,3.3946762,0.3041727,27.091452,27.091452,27.091452,27.091452,27.091452,-11.758875,-5.3666263,-0.9759098,1.1231481,1.9170443,1.7581336,0.5628994,-1.0981369,-2.1973176,-2.3302464,-1.94701,-1.94701,-1.94701,-1.94701,-1.94701,0.52006996,0.90631354,0.8906404,0.6053553,0.721715,0.9425628,0.74850696,0.27664188,0.38721636,1.0,0.41025072,0.37176767,0.02880859375,30.971738403302155,9.572066351302503,23.03862542276126,12.055156606021745,16.68538857109121,16.651765300488538,55.968883421074416
-539.76886,104.718185,63.123814,28.142994,10.534819,2.079228,-4.8060684,-8.675923,-5.8807955,2.7143207,11.563406,14.818607,11.406471,5.0604553,-0.47159854,-3.4888773,-3.0037003,-0.039762735,1.2091446,-1.7757921,27.224106,27.224106,27.224106,27.224106,27.224106,-11.733467,-5.435234,-0.8336054,1.4305657,2.0832632,1.7537639,0.69185185,-0.6821562,-1.7201782,-2.0560305,-1.8283685,-1.8283685,-1.8283685,-1.8283685,-1.8283685,0.29366833,0.21483585,0.21193826,0.3146559,0.23061647,0.17417559,0.13985905,0.13025843,0.3390197,1.0,0.3514959,0.20500267,0.0263671875,17.786750532481243,12.65309821838133,17.28143660994555,13.526451632024965,14.754878186984875,14.963020804351316,56.81955399518778
-541.43695,104.420135,65.893745,30.810986,11.076977,2.1723795,-3.1966538,-6.6264544,-6.518163,-2.1482723,4.832986,10.342886,10.458555,5.3535047,-0.73845243,-3.6825588,-2.4562895,0.6880292,1.7172072,-1.4315172,27.3286,27.3286,27.3286,27.3286,27.3286,-12.210964,-6.4518323,-1.8761197,0.7095882,1.649666,1.5369546,0.82906395,-0.07479371,-0.8295086,-1.2715573,-1.4061741,-1.4061741,-1.4061741,-1.4061741,-1.4061741,0.29734004,0.22334568,0.17543483,0.18536837,0.17425741,0.15519734,0.13078737,0.13402586,0.39917108,1.0,0.35882476,0.22429122,0.0302734375,20.791882381933192,10.058196749766738,15.380513200590014,13.47806243341082,14.85405616515466,14.627713157352101,56.66505246255327
-545.4079,99.301636,62.175095,29.521675,12.907112,5.6641717,-1.0387747,-6.2644095,-5.070897,1.3652472,6.874324,8.266489,7.1546373,5.223529,2.354687,-0.5053729,-0.83081436,1.6662639,3.6456032,2.362749,28.23941,28.23941,28.23941,28.23941,28.23941,-11.316693,-5.8926163,-1.9291513,0.13754845,1.0637447,1.3231663,0.8884963,-0.012229389,-0.7375837,-0.9069227,-0.74070156,-0.74070156,-0.74070156,-0.74070156,-0.74070156,0.3731354,0.44798774,0.26317608,0.18154834,0.1827884,0.2485074,0.28120878,0.20296593,0.44877103,1.0,0.5051021,0.4216375,0.03076171875,19.694029509721013,11.507242280914168,17.76909436141186,13.854558144037107,14.55456494951127,15.979415797297865,55.87909052772134
-547.012,99.24736,66.173706,34.712986,15.002897,3.4716878,-4.8936143,-8.5344925,-5.0528855,1.6893162,5.2104836,4.4011707,3.2803576,3.880351,3.8246207,1.3833673,-1.1266651,-0.9699935,0.7213624,0.85481954,27.851917,27.851917,27.851917,27.851917,27.851917,-11.83839,-6.5840273,-2.5724752,-0.22782843,1.0381877,1.5249302,1.1459317,0.19157483,-0.58566713,-0.7563501,-0.6085728,-0.6085728,-0.6085728,-0.6085728,-0.6085728,0.559385,0.643319,0.41936752,0.29175684,0.27083567,0.3636458,0.49054122,0.32289812,0.58982414,1.0,0.49732375,0.38386714,0.02587890625,34.35498525772345,12.539533452426316,25.653684924898418,9.799298939484125,14.836234963504882,15.216776290999665,54.97736037775479
-547.5845,99.975815,68.92375,36.04413,12.201986,-1.2984246,-6.755018,-5.500389,0.08661616,4.977871,5.563349,3.583025,3.076717,4.3960896,4.179782,0.9917728,-2.2464452,-2.5140295,-0.8004526,-0.07709733,28.092594,28.092594,28.092594,28.092594,28.092594,-11.475821,-6.2512183,-2.1727684,0.2209711,1.2652804,1.3002332,0.5766325,-0.38741016,-0.9579404,-0.9632835,-0.7753077,-0.7753077,-0.7753077,-0.7753077,-0.7753077,0.6635904,0.6511819,0.43759146,0.5035075,0.50210935,0.44547242,0.604259,0.69674915,0.94237524,1.0,0.6343329,0.48251662,0.02783203125,21.564580460991138,9.312995041604205,12.499540943193963,12.648340116770285,14.30505236911937,15.6851803442161,55.39022757832854
-550.253,96.347046,65.87837,34.171776,11.719406,-1.1222655,-7.4191008,-8.114155,-3.9695852,1.5297776,4.6627245,5.3355017,5.834035,6.590606,5.7702236,2.8630621,0.04801526,-0.84181815,-0.71148336,-1.3005482,28.16435,28.16435,28.16435,28.16435,28.16435,-11.542055,-6.352641,-2.129359,0.49399,1.7690419,2.0047424,1.407021,0.3923393,-0.47232002,-0.9221396,-1.1127969,-1.1127969,-1.1127969,-1.1127969,-1.1127969,0.79105103,0.49843293,0.3656956,0.26445618,0.3563461,0.48381838,0.45110166,0.3300753,0.37641996,0.5315252,0.7427849,1.0,0.02587890625,23.37155612279377,8.501375635936663,15.123223468283552,14.007694169790465,14.408954277383984,15.571211109227175,56.04911057230798
-547.91296,96.19011,60.231697,28.357494,10.689703,1.5501852,-5.5132704,-10.120159,-9.933411,-5.3926945,0.91113186,6.044994,7.940197,6.350953,2.6178446,-1.1326635,-2.4444625,-0.44493705,1.9978565,1.2581549,27.911503,27.911503,27.911503,27.911503,27.911503,-11.83308,-6.5241566,-2.2815268,0.33437786,1.7123054,2.152045,1.7353351,0.7742545,-0.16589035,-0.7229305,-0.9271411,-0.9271411,-0.9271411,-0.9271411,-0.9271411,0.5759687,0.4477824,0.43810293,0.526576,0.44139516,0.2710054,0.16969389,0.12614587,0.11630807,0.19184418,0.97655207,1.0,0.0263671875,22.483124614322342,9.18912834603991,18.10151936224495,11.948491012371143,18.42041263525508,16.06656958147468,55.71405492022393
-547.56726,95.231636,57.01972,25.46215,10.4258995,2.4520128,-6.4153285,-12.213575,-9.501743,-1.5001049,4.8278174,7.763788,9.635633,9.946325,5.8084087,-0.9281497,-3.1423788,1.8217753,6.6943793,3.8624735,28.00077,28.00077,28.00077,28.00077,28.00077,-11.3114,-5.736254,-1.6429725,0.76623374,2.206907,2.7152216,1.9795473,0.5216174,-0.5305695,-0.7798382,-0.8271485,-0.8271485,-0.8271485,-0.8271485,-0.8271485,0.38083088,0.28046253,0.3130817,0.44651538,0.23083857,0.07563252,0.06564696,0.09143963,0.08854917,0.14473286,1.0,0.7513376,0.0341796875,40.74315381252164,9.234446825812185,22.56572670683373,14.815966784853543,15.559082760226985,16.87951998775531,54.81617636306542
-544.793,98.46248,60.303474,30.37193,14.247834,0.96113026,-12.215086,-17.593216,-12.230139,-2.4141629,4.8042493,8.194303,10.543303,12.327177,9.916562,2.634978,-2.768461,-1.040464,2.556412,0.17526037,26.793943,26.793943,26.793943,26.793943,26.793943,-12.391677,-6.531091,-2.0634484,0.9349852,3.0391462,3.9073853,3.04291,1.1225272,-0.48281208,-1.2168562,-1.5909524,-1.5909524,-1.5909524,-1.5909524,-1.5909524,0.2710238,0.16450357,0.16943064,0.15109476,0.08870871,0.058382686,0.08947028,0.085188925,0.03611914,0.081090316,1.0,0.9898208,0.0361328125,22.38260507964048,10.19929141922022,24.57558253659105,15.926767094659532,17.706305248262886,14.383048142657056,55.73612221181214
-538.00494,105.80334,63.29713,30.898748,15.348206,3.7060692,-10.136518,-19.49318,-17.379765,-6.4129047,3.5563962,7.0811934,8.284472,11.008872,11.470804,6.320594,-0.2297976,-2.7407622,-1.7689751,-1.4057472,25.54252,25.54252,25.54252,25.54252,25.54252,-13.619404,-7.325885,-2.6354473,0.3722757,2.6426516,4.045967,3.8229737,2.109281,0.08325202,-1.2080696,-1.7217996,-1.7217996,-1.7217996,-1.7217996,-1.7217996,0.29857022,0.23948468,0.11460802,0.13319682,0.087375775,0.119849436,0.25051323,0.15656398,0.0633121,0.08651228,0.9207303,1.0,0.03515625,20.294940129529117,8.508846284200192,23.368887400531523,10.080790474498556,16.016978697370533,16.083083918853358,56.04975892764217
-539.1834,104.92675,63.532387,30.771612,14.529444,4.7338386,-5.70063,-14.247325,-14.258404,-5.0222254,4.219181,6.485644,6.3822746,8.597082,9.1728325,5.448488,1.0060444,-2.0029712,-4.1289225,-5.1953936,26.294567,26.294567,26.294567,26.294567,26.294567,-13.05727,-7.019853,-2.6024094,0.028857691,1.8607535,3.0136049,2.9746444,1.741478,0.052564222,-1.2126552,-1.793744,-1.793744,-1.793744,-1.793744,-1.793744,0.45555404,0.4982495,0.120487794,0.11380881,0.090745755,0.19256109,0.36828545,0.3649908,0.34286702,0.22476298,1.0,0.7887572,0.033203125,21.15232312124878,15.315939657263886,20.50262063620169,14.378348424523258,15.069784476913526,16.23746955003115,32.1177937044262
-549.3102,95.99774,64.28006,35.208538,16.070366,4.113654,-4.304529,-10.620604,-11.808874,-4.7826395,5.085452,9.519837,8.637113,6.733288,4.394972,1.8773396,0.5453586,-0.8856136,-3.0726347,-3.5603511,27.698103,27.698103,27.698103,27.698103,27.698103,-12.390358,-7.120745,-2.6834412,0.18505771,1.7746445,2.3675687,2.086447,1.0871559,-0.29265523,-1.4148026,-1.7756236,-1.7756236,-1.7756236,-1.7756236,-1.7756236,0.5372905,0.39008266,0.12316402,0.10430487,0.16815263,0.2929595,0.27891392,0.5290328,0.79776573,0.49144998,1.0,0.6881505,0.02197265625,15.903432979187638,12.599975936096941,19.7064693640991,11.346698395993837,14.068073207848386,13.037511007418285,21.19469637362484
